Bad News Bears,
The Hitmen,
Special K's,
Hitters,
Bisons,
Scrappers,
Bat Attitudes,
Sliders,
Boomers,
Homers,
Lightning,
Chargers,
Captains,
Eagles,
Rhinos,
Avalanche,
Coyotes,
Heat,
Mets,
Blue Jackets,
Rampage,
Falcons,
Thunder,
Tigers,
Defenders,
Cowboys,
Raiders,
Lightning,
Marlins,
Flash,
Nuggets,
Crush,
Padres,
Reds,
Brewers,
Diamondbacks,
Pistons,
Crew,
Gold,
Devils,
Yellow Jackets,
Celtics,
Vikings,
Aliens,
Sharks,
Racers,
Astros,
Impact,
Cubs,
Spartans,
Whammers,
Athletics,
Flyers,
Stampede,
Sultans,
Mammoths,
The Naturals,
Angels,
Mavericks,
Wolves,
Tide,
Slam,
Knights,
Grizzlies,
Hammerheads,
Warriors,
Hotshots,
Packers,
Strikers,
Lakers,
Bucks,
Marshalls,
Saints,
Bombers,
Bulldogs,
Rapids,
Redhawks,
Earthquakes,
Quake,
Royals,
Magic,
Blues,
Nets,
Blue Jays,
Americans,
Cardinals,
Saints,
Hawks,
Blitz,
White Sox,
Dodgers,
Rough Riders,
Timberwolves,
Warriors,
Blue Jays,
Wildcats,
Flames,
Mountaineers,
Heatwave,
49ers,
Titans,
Felons,
The Green Monsters,
Tar Heels,
Monarchs,
Crusaders,
Bees,
Hawks,
Phillies,
Gators,
Predators,
Redskins,
Prairie Wolves,
Lions,
Diplomats,
Jaguars,
Strangers,
Wizards,
Mariners,
Giants,
Razorbacks,
Buccaneers,
Spurs,
Revolution,
Cavaliers,
Tornadoes,
Hurricanes,
Capitals,
Ducks,
Vipers,
Kickers,
Seahawks,
Red Wings,
Steelers,
High Flyers,
Blackhawks,
Waves,
Curve,
Browns,
Crunch,
Thunders,
Jets,
Bulls,
Braves,
SuperSonics,
Clippers,
Warriors,
All-Stars,
Orioles,
Ninjas,
Kings,
Texans,
Pirates,
Dolphins,
Islanders,
Patriots,
Sea Dogs,
Nationals,
Wolf Pack,
Big Horns,
Redbirds,
Moose,
Red Bulls,
Stingrays,
Tigers,
Whirlwinds,
Sounds,
Canucks,
Sabres,
Trail Blazers,
Tide,
Bengals,
Knights,
Chiefs,
Broncos,
Aeros,
Lions,
Bruins,
Timbers,
Amigos,
Sweethearts,
Showboats,
Cougars,
United,
Wombats,
Arsenal,
Scorpions,
Penguins,
Rockers,
Steelers,
Rockies,
Defenders,
Monsters,
Rumble,
Galaxy,
Panthers,
Bulls,
Scappers,
Rivermen,
Cosmos,
Maple Leafs,
Rams,
Boulders,
Novastars,
Trojans,
Rangers,
Ravens,
Aggies,
Aces,
Gwizzlies,
Volcanoes,
Legends,
Yankees,
Raptors,
Americans,
Fire,
Stars,
Bats,
River Cats,
Blast,
Generals,
Bobcats,
Icehogs,
Barnstormers,
Suns,
Red Sox,
Hooks,
Empires,
Rockets,
Twins,
Hornets,
Killer Whales,
Rangers,
Giants,
Tides,
Cyclones,
Bills,
76ers,
War Eagles,
Colts,
Kings,
Fireflies,
RailHawks,
Rays,
Nappers